estimate	lowerBound	upperBound
0.6923076923076923	0.6401264690516075	0.7399959171228139
