estimate	lowerBound	upperBound
0.7975708502024291	0.743080974341626	0.8429465535283909
