estimate	lowerBound	upperBound
0.7723880597014925	0.7185473124631826	0.8185304409942148
