estimate	lowerBound	upperBound
0.7260726072607261	0.6732623184660145	0.7732223271439431
