estimate	lowerBound	upperBound
0.7044025157232704	0.6520505190578427	0.7518750673981465
